wallet_id,score
0x37acfef331e6063c8507c2a69c97b4f78c770a5a,100.0
0xf859a1ad94bcf445a406b892ef0d3082f4174088,60.9712575491583
0x3c673dd35bfea5267c4f5598a8d441fb13f8475a,11.052043434741506
0x320bb16ad49c27825e619a1ce658aeb4bcd68af0,10.410188482808909
0x11c4fbc8fb62daab60bca91c72c641123fca90b2,6.687450202043057
0x5f0f119419b528c804c9bbbf15455d36450406b4,6.504266451662994
0x3a9f7c8ca36c42d7035e87c3304ee5cbd353a532,4.318618342502192
0x6a0c50788e462f322959a2458687096994d66316,4.2753077278446225
0xffa7370a03c2a91f5b1847a90750489d05f52fa9,4.191269867053593
0xf46ad3ca0aacf10114c76e0b1c077a154e5522bc,4.011745243294586
0x79d93cbf3583e62dd3edbddd1ee1121f8b07af81,3.702199387478454
0x6526f255f7f0ee69074e1c1a4c3457f6c2262db7,2.8896757059283846
0x5e7e3a09995544841bcfd53cfc8a45f33281d2e9,2.6575886695966697
0x1cf1b39d9db93bd13b41f0d5be32b240dcd002ad,2.38031320561609
0x8d37a11a65b4f2c541af1312bc44f74a078160c7,2.303411306432571
0x978aad63fe35f7a72573c411c3dff53608aaeac9,1.8653248820866097
0x57bf61b835a8a49fe51aa4614f774d9f01bdda73,1.7463310995169972
0xa592cb9bde3df473e762545d54f6b89b36afde4c,1.7016947222501888
0x6f636a1a8d60747f398aa4ce6f7bd23d83d89956,1.643123882508384
0x6f9ac5b3fa4308620c6763d9aa5a65446e75f5b5,1.6356844568921218
0xc4abbb0099c3db6e8bebd3693ed66f7fe020f405,1.606658606525342
0xce9114fa0e578fc3a8ff3cee9809fc713b2533ac,1.5939751977588004
0xb277d98b101af4f1a1c7fe6d443f6993f1904237,1.3880754282227437
0x02ab88ddc83fd680395e020b281cd73d941c1df4,1.3751317435125305
0x585b7f51a3a5b531460267c670b846ce86972e32,1.3182796064880826
0x8d093c8c70b5b5ba375d2d301c52d5b9d5ec79e3,1.176115849761442
0xa6308eab4fc51b4d1c1213ef0628ada3c04ff47f,1.1287433026096803
0x69f9e262ab96a599190bff462327f2d23ce2399c,1.0873603575707993
0xd20e0cac11783e2095647719da8bfbbc3a373f1b,1.0820980602643622
0xc9c5a0228fb686e9720ca24691e59e9410c52688,1.071607638623759
0x287e2c76aab4720786076c3deedd7dd386092050,1.0624988250446128
0xd4010758acc60163f169cbab9a23196e73fe2119,0.9949223441058709
0x23cc917f53ed08c028a9b60067d4de1d7db77f5a,0.9774484575419742
0x784fd666bf195c9d5853d436b66f9d7f96ecf263,0.9490329685757122
0xc9b712dfb0fc1a328cbab69dbde92c687c358585,0.9482134453985587
0xabeab690bd56d307f4bb3b59c2f209c353ee057d,0.8882915990637082
0xc4fbcc6643ce3aafefa9ad6ab35be85ffacd306f,0.8684514468696446
0x40941f5619974c639fe13fe977fd92805fc10ec3,0.8455242630674364
0x87816ddfd2f9865ca3025e46022e17f4ebd2e0b1,0.8444004531414997
0x44cb1e1e52f9ac8fc49023c10ab884d2d01a3287,0.8226787051577059
0x314f5c4756636c0ed347765ae3c1b235ea975e3d,0.8183746846582731
0x3f4b0089eec7d3e9cc51c9333db927b0f5416e30,0.8177585690532465
0xb088a3bc93f71b4de97b9de773e9647645983688,0.8143694708774752
0xc1c0d22af2c6fedb124e770bd8947c4544e57d08,0.7807706430960225
0x3e3742b6b7c0add19eb155c72eacbb6bfc8958dc,0.7772155078405688
0x233f1d0c0abb1eca410b6e1e7d2560cfd32b07b2,0.7588951747787132
0x4c77ca7ff8e548806fdc88e4dfa8ea1e493a450a,0.733367313409569
0x0a7aff107909cd284ba841b67050cb0458175944,0.7189348739742382
0x4fd111b25a629c570740097e471d275bd5edbb38,0.716365636607123
0x23ddf6d247daaa192505811bd21661c8eb46b21c,0.6588878024833856
0x4467554da9e6e79ef5f90f0c0fcbf7d645c394cf,0.6511502556684928
0x6c76d2e8dc43b63d9952594514ed67eeec34218a,0.6324955273730376
0xd47f89ed17b4249f620ac45c83dfaad7f4faa3d5,0.6301647093948919
0x782c7c0015ff2c58c9801a63eef8b6f48c8b7ae0,0.6197467904774203
0xc0edffe90b881b584a3a9d8c39dd24aadc09ce6b,0.6162561302940117
0x84f10948e7e8c26dfaff67662d2168147c3d719c,0.6112270627213021
0x429e8a3534b37379c7e5dfa6db41f50d415ba163,0.5968779006838506
0x46a0b4fa58141aba23185e79f7047a7dfd0ff100,0.5953934949894782
0x85697c00fb7bfdd5b31826f4e807459fb9941b19,0.5952099235209036
0x3ef71b47a6b985f753b02b15b7b64c8985bcc4a8,0.5939054375507935
0xae8a12537986112027a997181f2ec8f8c01a1dd4,0.577219895726459
0xdcff45f5867b7722743f3c746a138e5aac4a46e2,0.5667511178654777
0x3026a225d43c63bc36a1ccafae449c403069f9fd,0.5619475556206707
0x331251c7e76d26cb33acc063240ce8ee03ce6ec2,0.5529917705917238
0xe2bc1ce434bcc3f3e92a70a6955a1ebf3f459a9f,0.5421996668269554
0xa7171cc94e1511632715bda67de086c0d83f5402,0.5383733660414863
0xb45de55de3d88b1dc8d9895711c96a0d27c4bb6d,0.5199906980240133
0xe7d6e666063904e2f21beb8daed5eefeddaad794,0.5023755444864303
0x840598d0d266cf1a009e65d4414f747b2e799330,0.49916948973069136
0x56f999024e23e626a95988ce77d4c7742561ca4b,0.49081352586995397
0xb1156ef2dc0317f80ebce395806b20cb91dcb5f3,0.4900370466489813
0x1878fedb5f431c898303f642dc41312e8ba54a32,0.48626487859330747
0xf47b25c9aa978f080995fdcd0d1b04ce274747ba,0.4662317250285522
0x67d3ccbd1d81e7b1427b70d94454e0039271d237,0.45782109562318657
0x1fc931e464b63cd55e69c1fd4461317fe35ff771,0.45735517879307264
0xfcb6a30ef6f39edb1c3f8b5dcd5eade4efc2cb1e,0.45172375205918885
0xb4df85cc20b5604496be657b27194926bd878cee,0.45008052250650044
0x21edc17321fee0772bb5a9048f5ceb68769261d9,0.43585346764526584
0x4b38d3b4fb1e5a7674b486a89aed5cba5614613c,0.432924455899922
0x7384b2ea175b7687faa503e4852ae5cac1deb021,0.4284658626233867
0x30781d7d755845fa50bfdb63ba7b9426a760f3b1,0.42633424744867854
0x9cfd5052dc827c11a6b3ab2bb5091773765ea2c8,0.4127366955422189
0x55a3df57b7aaec16a162fd5316f35bec082821cf,0.4119644786095415
0x992c0738268431baa068aea38a65627f56b9f4b8,0.4110467893845101
0x46c5334d0fa602c9124026d6d5583800e02d9342,0.4063036917444759
0x3d8e382e38d464e0352765b01f9fbcdde1eb56a0,0.4043798066823461
0xd9418d5bd82754420f92be3583ecfd3e984045ad,0.40265506223895925
0x8ad5ee55a8425a8a4938106050636e0901df4321,0.4022954746196966
0x26ec7fc8b97d013d3d0664ab78abcb401bf186f0,0.3921926842872075
0xb631651cb570ba0c0d696bd5e4860cbd214f20a0,0.38569043970732375
0x774f45a32ca6a365b693dfd58d129c959fc159d9,0.3851776408129478
0xca015bdc2fc7ef0c12f66cd8beacbbc250aa4220,0.383061123138898
0x19f9aa162f71014b6b5859dd9b50b448629aa7a2,0.38259889994837293
0xdf934780e40d9449035779a58f9d25d64fa1ffc7,0.3810734622165476
0x94fa8efdd58e1721ad8bf5d4001060e0e1c4d58e,0.3806250466111569
0xf6020ee2184a748a90721f112c38cc020ca09704,0.3740256997212824
0x3c112d7558a9a80ef8a19342a5869b69d16c39b5,0.37138270043750965
0xf2201927b27ef22c967793d5eae870d5de19c832,0.36999809157089114
0xf157eba689047d5d6b0ac629bf46a62a59ad501f,0.36831881356879537
0x4282890ff9661a51ea367aeddf341c6f6395d4e1,0.3670428492416654
0xf84cc6a984a64468dfd9da25ec44b40c0eb7678c,0.3581744768530509
0x789951c525627264fd0489537f74d6ac7c5d58d1,0.35349931509638005
0x42ab9e1c9332e61eba3a17b53fce2abf73dc8b12,0.3468647737505509
0x0393f591f970708c840ed9970f2a867d8b588c83,0.3465556843324023
0xaeebe2d33fbdf50684161d1c1ed29a42ac915841,0.3460544358353422
0x19764305e5df2563e2062bcce5429b540d994be1,0.3398223086012933
0x90a286841a7e928509c4016186ee4ced3e2ec079,0.3388095217095029
0xc630511adc178d3e45004321c5f545eab511619e,0.3382683186257278
0xb1734fa31d26d0d7881cbdc0118b1535f5454a33,0.3378313310099704
0x0358629bd27fa559b88d0f41ea3da28d057c3414,0.3350951031131261
0x3eab4037a2e7f4d4d0946c091fe135838221f2b6,0.33300417043060804
0xd95d24c0db731d8f71459f4a516f0047aa01a61c,0.32606117843957044
0xe75c8bcd8b9a36f9cf89442d436686c218c68593,0.3241851298308873
0xad54d739ef647b3b29bb5043a16317bdc1ddc470,0.32390664739548325
0x9fd31424cfceab50218906bc1b3d87fe7778ca61,0.3174291437426765
0x807de2f1e7df1299ecd3501f1d38878e871628a3,0.3149289227830275
0x9eb408e53dfa0c877b65bbe874de81247212380e,0.3138491197779763
0x238e24c06313fc8176bc6c49a0ebe86c2b0aabb6,0.31279910688021845
0xd8b3d214529eb391b1b9428ed2c562852c4185b5,0.30936280029826674
0x614d98a57a5d879d717152de0690ed2b04562ade,0.3083229953627513
0x2ea64c6de91ce1cf3d3761930ac775476cdec742,0.3050418325616188
0x862efbff8e2a634dbda85b461f4d1c41a557c46b,0.29627689939492147
0x592e720974d478832053af79151f3482b1538f36,0.29148770706695004
0x212b1b5afa70e74e461a7ebf7f17d85a465d3394,0.290006758029747
0x4e058516eebf1db6b50d0c4396c608de25a77545,0.2877987459839033
0x3123f7271ee3ab8041328b6812439d11bfc79817,0.2860032773761536
0x6b924183307ef2e529db662f80200611328a0cbd,0.282546141083348
0x3433139d05ad5cf0f2a5cb84b6189aef6fad5e44,0.2823954317100925
0x24e2b3e7dcede69200223531beaf18b9f19b8ccd,0.2788814579140047
0xfd1543a26ee9a14b9e26bd7202b09a8dd7d26474,0.2782471382538047
0x1ec56fec60690d38b43517dac23eb2871b5adc1d,0.27365402294488334
0x0aba55c93cf7292f71067b0ba0d8b464592895ca,0.27346906166093893
0xdc4fa3fc52731adc0f48a4e31c9f8e394c6e501d,0.27136233482124106
0x85412643b12cf847f3e11f24610e6127c17ef7ec,0.27021558848965027
0x4d0e2a4454df9c4c4f7b83dc1e0c76e08eb0e457,0.270023729769031
0x05767e307333a5eaedb8a5ec7779bcf7c7258491,0.2699508611457703
0xc609ae47b3b8c227d7545b12d8375781483209e5,0.2688160355736776
0x39610340570b25e3fa140c796b89b64a13f19648,0.26855805325787163
0x6ffe90a6b0e6ed5398e5ae58367e20fd2e26cbf8,0.2674996966112104
0xc3b439e6364b3f8d07754fb782e509e53b3d0b1f,0.263923265353805
0x15b1ad6f030d59680b5718ed0d8ca3985f3bd9e9,0.258659119962729
0x5c10afd2e8c8ae7e282aea60759209f32edfe3d8,0.24655546436234504
0x907a974a4da906b28ae734a86e6625508b7a4a43,0.2402694473980989
0x86e6fbb00405f3879dede7db4701e43ae431c141,0.23857005872912548
0x60d716fec3e25a00c15eddeae424a7b96daca4b8,0.2385688079663953
0x5da581400c1a404811ab251680e24eb73f679f18,0.23183453296960885
0xa6e78caa11ad160c6287a071949bb899a009dafa,0.23002690365268202
0xea4644472a98722dcd26b49abf5b8b4ac55779b7,0.22867099312097203
0x21e4c4e909fa37f2a540f70551e5d6e375280544,0.2255137937649538
0x75d3fcbac90c72c32675cd80b109454100f3c9d3,0.22548538929441905
0x9c2dfd5acbcf22cb9a82eaaee95824faf5e1e035,0.22440318413920862
0xcbdb75a5741561e347d4508d96d850f83dcc36ca,0.2201864067716461
0xd12ca1d1308b34b1ed2aaad8257d52b92af40910,0.21958766232024848
0x6433cdd5f1cfba6ad66fc35344d8fd59cb6d4d65,0.21937758182086772
0xed60d8590019e5e145ea81455c01f3e817fe54eb,0.21931582553437456
0x761525f5c17baaa3d1c7d61616d580792ac653bf,0.218845284576362
0x1c49f9aa2dec3ad25d4b3efc29a785cf17691370,0.2188367336945508
0x6bc56a57aaebff467f39f25fa1e247fcba3b4983,0.21868155800912176
0x668be89bfc785741c99f4a0fbd13562814af52c2,0.21837570852421617
0xc360c4c8fd8c2db40725ca19f7fb5b484143ade1,0.217938038227625
0xc33d98e88682c883fe32b8f6620660692092d39f,0.21787584939242263
0x1d5e65a087ebc3d03a294412e46ce5d6882969f4,0.21766548654702486
0x93ff0ead0d16e72bc2943b094119710f77841e4f,0.2172890339618696
0xf55868968409401ec70e3527c3dc50335ee27f4e,0.21715589240067965
0x741d4defd75b782fd8f77ba407d247c4c645ac5e,0.2168807345601685
0x9606d2abeafd0b5a14d3436553db6488ae0daab6,0.2168807345529379
0x3f354011f11ee2e04accd8b7e2747c598c0cf9fd,0.21688073455290433
0x64fdabbdaaf96ffd1fcfbb548bd6eb59fc9a1bb6,0.2166571920885863
0x764a81d1dd7b0691b918f09746fc42ef59609a3f,0.21448872752987233
0xedaf2248bf6e264f61ed1fa0619f1f164de8e471,0.21420230847979022
0xbc1845a864aa2a7ba7513bc6837ff7d66ec191c4,0.214181459940719
0xec305d1588a1aed8e613e493bfd08fe31fa3d7bd,0.21369827233112815
0xa6edc956290b7ce416c5d8edc67e1c32506fe099,0.20997998819277566
0x5a965bc6a837ef51299d36e033e8c436a900cd9b,0.20884776266679733
0xb494096548aa049c066289a083204e923cbf4413,0.2043195527756705
0x73555792708d34d5d2c3fce67134ea691ceb4d65,0.2039403561809722
0x71232ead3bec1ac03ecfe2556acd6c7d0bd349c7,0.20386176669619793
0xb5a790758cdb6644305d1cf368b67bbba4c9a68c,0.20242201894387002
0x3033a0657c4823897440b9121c425ec761a7a694,0.20146231607533502
0x9064f45ddb3875b83ce86602330e493e6abda6f1,0.20003016118618933
0x7aa29d3158bc446fabd3196f54c01f86321eae32,0.19834085343467756
0xf3ae3bbdeb2fb7f9c32fbb1f4fbdaf1150a1c5ce,0.1962224000455691
0x6e45207a627a850179b34f500a277e8f0636cc88,0.19512716316572987
0x1f83b60b80d732dc7898a50d89db688bca40a7de,0.19379068764473176
0xaa228431cc2b3db67b456e5be5d6877070ed63ab,0.1901806403376154
0x1e5b5cf3ce6fa10ef40d2a3d06d7bc62d8d032cc,0.18961816339187396
0x293723c4b99e60c3093eb60963c30555d14079f4,0.18946308718992425
0x10aa95a9a64b4a72af7f26ea92c737d99d0d5da8,0.18767637287445046
0x97d4260f64e0fdbae514332765d1f64f324c5389,0.1859475201023113
0x991c3ee26ac87c46db4c28fe174d860a7ce39aba,0.18410152017194925
0xcd861fc46967226afd337820d8ab761649da9bfb,0.1832338247721335
0xdbad4eb69c9beb3cc85bd094b53bff80f476c514,0.18279493565019955
0x79b56a1429a94e133ea30836b7bc298348f246a2,0.1819354246462532
0xf3e1db5ea7e719c71bb9b9fbc125446788e1462b,0.1816625291341259
0x00000000af5a61acaf76190794e3fdf1289288a1,0.1809089735939366
0xc40c82d5917f74c97504c5de063f7c4eb3a01750,0.1805851979201988
0xfafaf5bf3ddba46c38f6d71b9138b121a20d644c,0.1737266658405931
0xe525f6ecdbbaefb95444b048c5449974efdbc5ca,0.17252650970248748
0x2b6a4f029de9f6a17c0413b393770cacf28f6c8c,0.1715938905580744
0x310d4fb2845c3e0c3c57165198d65a5327a373ea,0.1714041191598604
0xa8696af071914351810dd5abb03bc938cea2830f,0.17131095915688885
0xd64813e230b945e501aa1969d21fb2072cb95930,0.17097648708328808
0x514ff09b761af21ba3c88aeb6c30d5c2d7950258,0.17043905653916763
0x8197ebca4f7a0918156f188f53c3a47381bbdb73,0.16921591389878685
0xb1732709a33d853689ace9e3236a0d762497ac1e,0.16843571503473762
0x71eb2b34df0c317d2be97998ea570772a2da00f2,0.16723176718119084
0xa5e98badecd73a04e7727890f6bd958067c43212,0.1634057175157385
0x10a4509fb431cf08f52b4eebd62569048606304e,0.1633334840899232
0x9f2a531ae1cc8ced968fb6c6139b405645dfd4e7,0.1626626330996485
0xb8091f6190bc4151d23598df0a5d986d0aa1075c,0.16266055104380625
0x97a8b6076ed6164df582e598dfb363ffa770dd54,0.16149259444900968
0x47fc05ebe37333b7fd56c4d66a9988745efed6c9,0.16126466712126966
0x97889c952368b5ae0def08eb845ec1ca212b6f2d,0.15920778218071055
0xc691635a9702d8a7a3a3b69a96623739be260965,0.15860532793850868
0xf16130080ddf88ca83d083262119daa24a1b5dcd,0.15836914441043173
0xedcd518221d67769f2a85acf801e6ba4918a55c7,0.15592204785765357
0x3b1978d47c10425ccd26ceba02736b7c6d3424db,0.15522707755312048
0x47917255d73810620c841a35e5ee42c008e951b0,0.15510812463230464
0x90c40ac078dec6621050edfa4c8f0fc4fe0fa933,0.15359602575272588
0x6faa0cb9c58c7ce881cc241249a31841adc2f380,0.15217532893841207
0x312bb0fd25fea8fd6da8fab80c36152975833a55,0.1488245228229262
0x427848db8640eeedb2772156a5380e8cfb735f0b,0.14809503282081604
0x983f14fb20991589de9bdc48d6990ddb8e41d918,0.1475483991444794
0x1077a625de842b2c9130517e5b5474df08698220,0.14611339677180082
0xd97beffdf558b269257feba5df111ab718b71e24,0.1452715336451854
0x19ee7696d2a71548a7f1fc9cef644460d7e73297,0.14503185658182483
0xfcd482a7c8ffa7df182921b753a6a36cb298db51,0.14474711776144858
0xedd4029250dffa95700aa79685e4a6704123baf2,0.14236435627274371
0xb3de746d56c652ea0390233a135a4011cacd9be5,0.14162745755507264
0x054013b54780a61a2ec3f728c279c2440905ded1,0.14068330971957801
0x53c601621a9bdf0b98adf8b1f7d41ae63bd46c07,0.13961615057944815
0x204d4879a3975e97c852cd89df57ce08a6d2aa20,0.13930838274721333
0x9ed03232a45b4db2b751ef0bace0cb9cda9769c5,0.13792806765164717
0xbe808ea4b07c96f770d221871331fd2ccbab4853,0.13779747038818876
0x78fa4c9c658eaee2b9f89f5eeaebb1dedbf749b2,0.13747232889580885
0xc2351c961181ecd4e682857224e873ebbf956fde,0.13711309782238057
0x3182ad78c3f102d1ca2e6e63ad949216493cacd0,0.13676266132148795
0xa7f3c74f0255796fd5d3ddcf88db769f7a6bf46a,0.13665974615673412
0xaae170d4094ff99002c3eac52436cda7ed21b933,0.13453401672120247
0xb242b2afee4dda2b04a04cd1a982bf4dc066cee7,0.13338325695201012
0x5a3a4dee6cd3424832b5c5bf20d4dfd370e0bdde,0.13179474170958422
0x54543587cd0412d6ea0e852eb62177bc9306a6db,0.13142734776486764
0xf97361ab8aa2b12e32c588e8f766a84a40f871b8,0.13101639635725157
0x696969e47154bd13f92206bd710361646d0110c0,0.12752656705095183
0xd18a54f89603fe4301b29ef6a8ab11b9ba24f139,0.12642512253549687
0xb263e97547b3bedc9aa3214c0bc49c5985df26d2,0.12590635641950065
0xbc9cc9721faea53cca147e1bfb88b3d745a35b9e,0.1256778530796429
0x361622264aed52ff036ff8314adff6657c4153e8,0.12545269761137307
0xb0faa146515792276465f084f7c23e52f3b40839,0.12458622920095128
0x4fc604536134dc64718800361ecbca0df6cbfe08,0.12452449888097997
0x8e551ee9efd11c69bc21bff1f35ee7b12ba1784e,0.1243256317936011
0xb55a60b662b9643ab77a46c5336bffdef1a5b72b,0.12413104488873158
0xce75dc60005f890c4ac7b3d3ce042e57ebb0a919,0.12401271302524591
0x98f365b8215189f547e0f77d84af1a2cb0820c72,0.1229520840293389
0x3edab72359e7658078f4872b7e4827d7242923a0,0.12270612803122422
0xb8fd9b300c2819546013dd45c238ab6fa1eadba0,0.12119282549021675
0x8698350a036f463e6f0fc018e883a266e7266d32,0.12017442238043982
0x02befc74242d56de1558e07f26b0057da73c4c00,0.12014687493964776
0xf8a741ed03a1e8af9a3214cabc0bfdd7ffdd83ac,0.11929193559949758
0x396e310ed7f1ca78a0dbf08cc27ce1ef4088f714,0.11920628520658168
0x28d59e2e8d87b4b272a75b384f6f593a41b4df4a,0.11776921065779558
0x9370f34188108bfcad6077737577bc969e2693dc,0.11715068784985037
0xda46d200053ca2402b4b447cc975da61c744c23a,0.11714463605089996
0x8389233333515783dd3fd382ee7511f0f4951be1,0.11700592326889853
0x25cb5b18a3d6c7cf562de456ab8368ed577c0173,0.11688440188617168
0x451a6cfdd3699293b56aa27a35f27bd300fd9b51,0.11591389861783905
0xd0010596231e7dc18e88a8e137bc9b1a6288735c,0.11443865191092437
0x9e6b460de0a61d3eb836021283cd15a89fe2fb91,0.11381822321503199
0x2960088faabb89dace74366e2fabaaaadadbc83f,0.1136069348345996
0xc609b765a175fad4b6de0f09b52799944eb58312,0.11321780317244293
0xd2925983502b2f849c96dbe449179e8b09d8c6a7,0.11313621293822756
0x9c0d566b965e4361833ae5207b5544bb35827e18,0.11194495961512961
0xc1e4f98ee6d02aefa7eb53404e9a7a8f41ba0132,0.11173579073761027
0x328a05e9abdc9c453f39066f328d989b43aea87d,0.11132433714972687
0xca1132ba4e92a247365b0e8dd1ec23a1fad2fdfe,0.11131977456502609
0x7060380f1f31ec257fb69dd4ec52c2ccc07c31d6,0.11107907206013382
0x9e1ebf38aaabfdfcaa5b880a136a06fa6ee4ec57,0.10950778151955312
0x42171bc4673a1c60e13aa3a64efa21c0d894c121,0.10894385956067902
0x21e5e54c2ca97cc16f2b2c11b3d822ce24f815df,0.10874675458280235
0x718fdf375e1930ba386852e35f5bafc31df3ae66,0.10869732667052855
0x913d74033d61de00c388e4d30ba5ac016b104f56,0.10851756342641618
0x60987c6d70a9f7ea35c13877ce4aa92f5c73f18c,0.10790967001211631
0x0025bf06ed84d1e4039eeb03274d8a211dfec4ac,0.10780874090774192
0xec8ec771eb2f47492faf7645fab3dcb57ed1b8a7,0.10674869780551757
0x10632f80c17a4083183eb2678c3fe353d955902c,0.10342251117066013
0x88f9a3a1025cb0a10870245aa167014e52043fed,0.1030254194894082
0xd2ab7b6137705c243402b5bc0bc68499c1f57fa9,0.10289407980778294
0x93a356288e202db0c9533ea384ec8d4b94270806,0.10270843430938911
0x1b46d2eb4d5c1f03035bc5e57b2543db50fe338f,0.10065425910817588
0xe6e4154d85c52a325f4f51cec6d0fd40b974e6ae,0.10010054425599334
0x92f2a83c63f299a3e5d5f16c56241d11cae4e868,0.09991865623950105
0x03ed2992a1d07ab57ec01f0c8914e22b53e48d87,0.0988970047098108
0x380934a5703937f9f5c8bf5cc4330863def5d60f,0.09839208934884844
0xc6f6c89f7f297b5230d2fd028ac06f0677c1857b,0.09781197322601339
0xd1c04737c664b1baae54021fdbd22b9841c5d9dc,0.09759820425896201
0x5dad61f3d0cda2901d7c671bec7a22a378391297,0.09741318357035698
0x75bde6252d5a81eb445620ba285a3b26c7acf6f9,0.0970692311022252
0x029720a9b3ce72f3e1d9c79257e1f19afe20b6c9,0.09648011525545969
0x6c24d04be59d9d9010082523099ec3d80190a435,0.09614425912945586
0x138293857fdad1edb72d08e78c1e0b64f0330d74,0.09556938059239047
0x7237da29705b1770c84e9be6e1ed7c284a9b9d11,0.09490362524469771
0xeb1033916a795e424cbe46868d6c08bfb8a2d2f8,0.09386725396827636
0x202f0241efd14ec8d82f1165f217ab6cc29fad23,0.09319613094505207
0x306e044f46fb0ec06a5136104698d75ec0ab928c,0.0927032541709409
0xe0023ce9c3cc67a289d01d7cb8a83f9f580a2107,0.09266249408501903
0x1f72b20050ae955e6b21ba0df9fd811c767cef0f,0.09136103871200021
0x3d56fddc5e111fed6b5e02afa6ce9e83ee6bd30e,0.09025802621576912
0xe808f057ccd9a8c155c3af01e809cf8e4571b6f5,0.09024471353902054
0x446139a2da60f7b6acd5e1a5e8c17dc02d900e1c,0.08996181342158938
0x7f9095575034fadc9bcaeb29c5157c9c6a8d89ba,0.08969910980970783
0xf3ae7a5ff2863247b83661cda7050d9df4bc9ce4,0.089597002228756
0x71ec9e8cfbba6b8d218b6007d67159213327fb6d,0.08909513742420637
0xdd14421847f0deacfacae6021b31ac4febd5dbbd,0.08901347862703932
0x9d329842b5c5eece3b094e7b4643a081cc6525cc,0.08885972349325373
0x002f9caf40a444f20813da783d152bdfaf42852f,0.08866070611009721
0x8cbcda0cd7df045cf7fbf4b477dcbdea3d88746f,0.08840260112594077
0xc18a3fbab238cdef9741514b2b5fe28ebc49fd0d,0.08816475609163443
0x1c723abdc540aec6cf9009566700cd0af564f471,0.08799812252739637
0xfcd18a06128e00059cfe14e8da12b9c4d833b65b,0.08799196588455872
0x343b209d87f72ba773f89b8f5397c8600ca480a1,0.08696700604662065
0x9b49d6295a1e9c16bf57044b80cc35fedf010c40,0.08677514928307153
0x68f3fe77902b769f839e2763ffdd0858a2cb1fe0,0.08668040659689366
0x48f3b8871c0da97c2db6ec35e0961fc269870d63,0.08657821441860081
0xaeb84158bbd553d4fbb152a403c7bdaf5e10517d,0.086527215908005
0xd272eb51c63d52134665d0cec4aefe0c1c7e241f,0.08649913106454449
0x42fb663d8f6f2dc9d4f9cd5d57c11cbbebaae41c,0.08643877006274667
0x72d9f391dfc352105b8aa391475007d4bcefe1e4,0.08570017429394042
0x3771eef3e76329ac4c17962a158a895545795c0d,0.08563006426280301
0xd589607cb9b7ad12b50b528b0dff157f749df285,0.08542571100315538
0x380e73c229a204c8708a9e95c6b500b59d701917,0.0853478228045502
0xf302bcab2e713c3fee240e336a44453f700ce69c,0.08522419238170342
0x00000000b1786c9698c160d78232c78d6f6474fe,0.08351978225467974
0xd7c299f0a8db344b82438b6f3379485bba4c3788,0.08325881754831592
0x44281ef600c0f95b0d6fbab545f3f837b1bca4d1,0.08294743319038124
0x7a2e1aa94f24ff70006fd77611d67d17c36db758,0.08276522407838145
0xd937479b9276f8120ebb370bde3a842ea4caf0ae,0.08272799529540872
0x768344b6dc60da13fe32ac5fb3203434c3de1afa,0.08252921095479081
0xb1d88cd6920622de7bba9babbf80fa3675d75f37,0.08244418477183361
0x7971dde7be09d03d319f77a1251bed9ffa4c72d5,0.0821419082916247
0x33b495480cdfab66790300d853f56452f9f96eed,0.08200076104045555
0x189c2c1834b1414a6aee9eba5dc4b4d547c9a44c,0.08019170467162069
0xb361b6d281c5d1d398165e0a8c5a7121f6271f27,0.07985023548470799
0x5070df65482b1e7ebdd77a552ec467e42531f51e,0.07952347159832664
0x45f1e5d98b7c338cd7cdcbcecc47ddef193674b1,0.078469311043585
0xa2cdabfa4141c59e1406516da6d937e35fcf42e7,0.07776474205290075
0x293425f7e1f094cd06a264187d830b59e54cac1e,0.07665889803443252
0x965cf7e7d50b6f38378d8e4e712f1e796c0b9d9c,0.07626735552631052
0xb3b75c9277bd2be383448be2220962a31c6dcd79,0.0758134996766718
0x68579abf20d8962926ac9299a621b85abfcb8c7f,0.07545543739353974
0x0baf7b79f9174c0840aa93a93a2c2a81044a09a2,0.0749242980235498
0x119e26e8809efd0d2baf690c62bd847271f2e96e,0.07484962543668489
0xbefbb8d585c10a9687abbaab82af1872ed4d8d12,0.07464174358350657
0x1390743368d3d548cea3e371f8da81da2ffde2c1,0.07453671092137075
0x731c0030cb0a92b3f536bdaeb6a0658a01456560,0.07396492881429367
0xb7dcf73b96d7cd258c19335e7021d307afde59d5,0.0732138302163824
0x5eca9a84b31f7dcd83c68b015df498b0c4f65f6c,0.07230802585859462
0x011492e973e8825076420efaef19d8f242c7e2d7,0.07193341913483706
0x048a81d4ab58a7670308f0d6728a0bf825c6ae5f,0.0717636559937406
0xfcd34c86de414b955c41239cff04cd67c04417d0,0.07174523034409289
0xfdf9c91fa7157eba9fa6b85a923585c0d0b9f6e3,0.07156976180728336
0x9e5bbca4fd2502336e6c04edec3a4a08b5071df5,0.07155035764217571
0x4e6e308d7736450f110e89f1b1feee963ebef1b1,0.07126927436014865
0x85cdbf9345cec498a386026f66ce7b40cbbef52a,0.070787501679087
0xe02536ebda777d2b7eff618ab989beff772f8339,0.07045453251935441
0x70f4c4a9a94fddcbfee4ca5b527402e30458f82d,0.07035585065403922
0x33bc244d82823ade17217b9dffa84f66c88412dd,0.06977053347213348
0x2ba2cf9494ee1a1d397d714e335c04c52e8bbfca,0.06974412988902354
0x2f8ad7e46f984410eb9bdf4b9ecf525db20d0dd0,0.06959662722566459
0x72af4a7f781c35cc7c8d4c5042ab7a306ac8df3b,0.06950337659915633
0xc6c7e6b7e463f6b4f5849d0e6ecd95194b8a85ec,0.0686234312662452
0xef79b771b2d27118828bceb3abfb5d1f00c41f97,0.06818891296927491
0x774488253379d317a81d01e9d101319b42743737,0.0680741510195407
0xbbad79b0033de083e72c768609f3b75faec55e44,0.06801146680951067
0xdda5b2788c9077f59e846c7b20e73a47fd3bcb76,0.06792481578748134
0x63ddb0d7750aa11251330fea651e2a7fa1db53df,0.0678936294494625
0x35440df5c2fab7f5dd7c101fdf94a039a00c6ab7,0.0678456128877765
0x4271d22292aa37e13cd0c68b8210a7a6af194407,0.06748185526642672
0x91b57d4077fb560bddbb4cbe81546b10005b587d,0.06733052976665205
0x7973fd24410788c35e2f5e2d35bcdede00b9df2d,0.06718636010268382
0x8a09990601e7ff5cdccbec6e9dd0684620a21a29,0.06673547506609998
0x46ccc6b127d6d4d04080da2d3bb5fa9fb294708a,0.0664921851555036
0x4118c2b02a7aca07aa9dee62958f73c59c655a42,0.06631198177092316
0x8107b00171a02f83d7a17f62941841c29c3ae60f,0.06622761234800897
0x5647d72c3fa800e89af96115fa7bee927bd8b43b,0.0658989204775967
0x9b77c35f1f7efc75f9c0dbe5f5ffd082b7cdda44,0.06554041485801335
0x1a50a6238eb67285ccd4df17f75cce430baae2a4,0.06551347535152585
0xd423381c0d2abce626384e09343a10c4e94c09fd,0.0654028015051215
0x6d010564a731f4f01b6a92ea0bc166052b16d8c4,0.06538933474322002
0xb21090c8f6bac1ba614a3f529aae728ea92b6487,0.06507719582689288
0x2bbaed5f73a755dfb237af51ca158fa21d038de4,0.0649681000427674
0xc997ad9947ac0eca60fb6d1d787bb2399ee6a5cf,0.06431198199843871
0x97b1a097a0139b8f2ec015cd26ed8c0195a1bef0,0.06425401311846637
0x84cfed9a1ff1f927e6341d80c24fad31e02199bb,0.06413976354917124
0xf1caf10c5fe421660e8fdf2c0cdaa0be68633b3e,0.06372540539481954
0x00ca89aacfcf2c52136935b852af1668169f5035,0.06322641319013232
0x837b3417fb12637bbf1ca28e8357456bc5a40ea7,0.062469537909456065
0x93b9de26cbaa19a07a548b50636121c79f8ccd41,0.062418163148912714
0x5b5d21f715565c17ad0f3c46dc93dd288129e8c5,0.06239428361000791
0x46f996328bf027cc2daa8bcf77c3a1d064a8a383,0.06225738719346807
0x3dcdd9a8087a025d84fa7aa819148501099edd15,0.06219341794833961
0x0e6cb229d91acb345114a181bb004711ce7d01de,0.061877795096153515
0x2a8eef99d6af8dc87b77b15545e439d41e6c9feb,0.060968903346667616
0xef91ecd0142ae4c5163b2cf060c0563d49188c82,0.060201928016988746
0xc78ce4e51611ed720ec96bf584bf1b1658fd2379,0.06013373930688022
0xe98bba5b0784a6c08b5e48d3382329ff54d4f42a,0.059951411273237824
0x6ec62454447b9adacbebbae86687707a786c8530,0.059557748827060844
0x90ea1efad9b6c2df0ad2e4f362048fe22bc126f2,0.059261856506671984
0x0049fab7f5dd1f26f057bd5d972ffc6ba3c349dd,0.059046215639775454
0x4c3278cf1c45a3e5bd2000242207870b6c015cb8,0.05887781665587642
0xdcfcbd0ee537882be942477c0955b97ff1903320,0.058872341404911564
0x5116ce50b9e8808b11b5aca6d591220805542e0d,0.0587855234654782
0xb24b54fe5a3adcb4cb3b27d31b6c7f7e9f6a73a7,0.05863659888354842
0x5d94606fdceca06ba90d7118724bf36673951eee,0.058555215657529545
0xba9d373d14ff405e9cafad7e21da3e86ac889fff,0.05838651500400551
0x270d2924ca13f54632601647fb225db8eb61fb49,0.058348711274094085
0xe1b4541955adbf751f3ad479840eb028e4ebe9d0,0.05832492774818118
0x2fcd40dffe2ce1c2f3f3f66667411838ca719de8,0.05800404543697962
0x7345c51439d1c84949f56a6ad0ecdf3f3f1d2be2,0.057831472598710305
0x7a2bbe4c66f8fabd8cc1edd2f985216dc70d0870,0.057762160104584744
0x6eab6cbf9f3440c37e05f595157250be61c49073,0.0576270324771784
0x321b58d27cc6cbebb0457c242a74bde2d2397e99,0.05728106496751689
0x8811122024bc90f8d7740a9554d9e0b79c0af5d3,0.05699665893261676
0x7ecb7a50d54d7985604dba59acb2705b0871572c,0.056854152783172095
0x72782b9ea7f51bb96a8d0cf90b1293021a6b7a7b,0.05589585775692105
0x93aa8c9a50efa30bb28ce0ad12516686c963472a,0.05559345562949574
0xf7085e76b02b6718a261a9b935339c1092383c1f,0.05481112457494423
0x6c1a6347761bb5f7c335f3e889410d40076ad416,0.05475410258214177
0x79b062583ca4421a0c97eb3458815051e6302343,0.05461779867280014
0xd7a3aa5f32ca983de2fddd23d9fd024fa8940e6a,0.05428696602993597
0x71c0c205f47659ef5962ff0f9df5a6c12fee3a98,0.05422018401346746
0x6cfac3cf77a359d7ce28c14f2d53de48981e0f04,0.054220184011649936
0xa6edd3b01cf82155ff2bd54a8c9179e898cbf0b8,0.05422018401164902
0xb889c773b907f32127b6d02e82f23bed2f4b9bfc,0.05422018401163178
0xb80a65f0c4dad7ac3b585429d63976697bc4741a,0.054220184011495365
0x87f8e4ff5280242e001ee0c14136ce9db8d6bc41,0.05422009730671879
0x5116def4f285b3a8964c9d915b717fd7c7c4c2ca,0.05422007556582908
0x203a67b09429d1baa2c56eb4c57634e498f07819,0.05421997441251725
0x193f0ee42a199a0cecd479a9f09ba293eb1ca357,0.053977277591317714
0x279f7364049b22bb8a456532250c473e7b491619,0.05392623099905742
0x9269c7729a72e0681b877d02330d9aec45ca80ae,0.05385564300473507
0x504af2b739bd8cc1781933467ebb0fba59e182a5,0.053066728440726844
0xffa68a5ea2df5095f203c1b49e1efe1332e27217,0.05298159985849986
0x178b3e32d7e72d515ee2fd12f17fda9f553ce216,0.05295884382066799
0x9d4da31a6f741c53a8f098bce221ecdd4a9cf6be,0.05295319718514509
0x73de51a1cf79d8e5a814bda83ea166342be35e96,0.052949450134156244
0x7c2b598e6df91f013a48e335e88e4524f93b9f0a,0.05282846255089366
0x9a34bf3b0ca258b53ce97d623d0706096b1a96da,0.05255779812425874
0x484a3588e42fb1541858aa314854eed26e14816c,0.05241435322829326
0x28b460cbadd0cbeedca284d19dcef6016f462fcc,0.052187146385348965
0xdc35c2e0ba72de06c2ad4220bfe5666981a0de45,0.05193356643374426
0xa868861f5d8453bc0790861b0975730d16c37afd,0.05182125915713821
0xca86aeb9a14f364da29dc67c7b6aa4fbc7dfb45a,0.050419514150917534
0xab95a0fb53df696a492a93f30fa126bde2493043,0.05019024027446738
0x1bdb1783505f626a55a5e3dd3e366df1cd69c055,0.04987630861694953
0x566a08de00547a584f8c44541d924b93de12f904,0.04976502497545137
0x4b0322e23d4de507fcbf591a5297ec11cfd7e98c,0.04962219637374372
0x2f704c46ec9b33514ffaf6da403674e9e40350a2,0.04961862866047116
0x94c9766a7a0e47a5b3227663b04ab557dbc7471a,0.04960984180748494
0xb5209fe9a0341a2dc9c9ce19e48728bb9963c81e,0.04934971249211052
0xfd1935fd3c8f49723deb7296c58ba4bb1a0e48e1,0.04928602018980053
0x1d428e4d7b36b4d114db519982e77d3fe3371632,0.04917148950790082
0xfe1bcd4fae7d1f04a744aa51d2cf4efd5277762f,0.049091701895335314
0xe8a6dda00bbf8634962bcf82a18c5f1b3547bb39,0.048715020659011385
0x55a202da4d74e4d4273f85df72e74f0342c52209,0.048673697453263755
0x6ea01f477676b4dc37e0b8a26a053f06a2931c20,0.04858703916301174
0xf5dcd98a1c99c2c65c62025cb23cfb6f12f35497,0.04837295573265018
0xa81149cb28e2f2fec9bd1ec70f0358683750de13,0.04835280234575093
0xb08d63183ffddc614e72f18cdd28a75c6af98a97,0.048326207294138654
0xd8c29a026e4368ccc5135a55e77cb0872d14cdc8,0.04823360287652367
0xed6e891a405e8ad9692ac1ad2f0833debc7e4f86,0.04813401521487139
0xff16d64179a02d6a56a1183a28f1d6293646e2dd,0.04807349612509521
0x42087c28f296d3b2dab56e3f5d1aca1388f2be5b,0.04770992320260652
0xc3fdadbae46798cd8762185a09c5b672a7aa36bb,0.04764190474477941
0x5db5286cec9a28d76feb4ee22e0722e6a6912b22,0.047614041166857086
0xca6c29e90fa68268b0bf960b5712d8b57e473ade,0.047470676749664806
0x7fed65a11b8e458d59878744c0f45506e6cc8525,0.04734904103734426
0xc9e7a40b20e2b10b3619109a74e9e6ef17c31299,0.04720636991578535
0xf04fe5c670d6b31abca534c8c29abb6e4d111c6d,0.04687227373434951
0x0e8c28770f789866a0383467f83e34d13d4b0974,0.04674764210108812
0x1d8c813e905cbfd1b2adc0ef3029ce5959c4d67b,0.04669483269027464
0xebda5629fb541c474313a41e40018f8f5ed3c344,0.046665939719380496
0x7a69bd5a31f3388ed2eb2a7464aa462c658d1929,0.04631579048303318
0x0e57c10ce37139507e72d0a0a552bc254f21d609,0.046139398714969006
0xced495c53dd30a6113aa6f54490330a0d4d2a2d0,0.045914708981772266
0x2c577602ce5b70341bde7d90d21437242a883427,0.04580512692956325
0x740ed6d02e273fe0f46c997f6d894b8e26ddf757,0.045654969319418
0x7c8dd864ded4030d42883b72dc7643bd7646f1ca,0.04565405293204603
0x4c6a40b680cfea82d41de6c5f2db782e8341460a,0.045544895701939536
0x068a1ca4d45194ea904b5f5da26ee01c7b2d44ed,0.04554456493645696
0x7df387113022c83f5c198fe0daa5e4d6186dc99b,0.04535786724673587
0x5eaae5e94995202c2183956369b1700450b2c89e,0.045329146612267335
0x6adedcf721bf7c07f40115f1bb1693ff0c34d444,0.045167520057638334
0xe286e8e6e2e60cac9d077b3a42e2cd79c5faec4f,0.045035582026299315
0x2a06cd16265ddedfee2ac3b41f0aae2fbae241e3,0.04494891541348919
0x4bbaf33a0a601618dfb876a96729dc7d1cc449fe,0.044305257754167646
0x2d8bf32e96cc439adab7e0c1c85bd9ccd96fd1b4,0.044212005965423795
0x134d3c15554e065d1c994aa5a14ec066a556841e,0.044070314294379284
0x5641519cc28def80d631baa28b949f17a6a22ad1,0.043900524965287534
0xf3495fd56280c11623b7d62b1b12083bf265e3a1,0.043604662258001116
0xe2631a01b15d7879cf73eb592c3afd82596526c7,0.04359302803985748
0xda37cbdd756bba49d04ef03f35b843bbf6819cae,0.04352237140778329
0x818539ad5bc9f943a5ca323a7f9249fac62f25af,0.04349143795793894
0x64b51b755330e8c3bca0563670c751c3902eee0d,0.04342573171403759
0x830386dac22881948cb7a5b30ece190b2b4bbd47,0.043386622714963345
0x2d5c4f5b466362f9129a8d34916c49d0e8332e98,0.04337614731035406
0xe8324c980791df99215b4e337d1dee5f5c0988a8,0.04335692383566285
0x213070749887f596dee47da98bbc0cd7fc425edb,0.04335402547546525
0xab04cad5755d150d384fe6b1bd3dedeca670a01e,0.04330819114864018
0xa311f7ca3eb2fb98123a807f9b8e4bbbdbdcb2ee,0.043277440215892325
0x10c5b61af5d85b274a63a728587cce244e3c2c9b,0.04313780020587498
0xe41b78ae5c2b19caf9949f38f3d49aa3f50a8afd,0.04310849354950491
0xc95789b69da3f49a3da275e9d157885e619292e9,0.0428761837654247
0x7e1e6c4e8ff242017311c96b75aa2d39ff622f29,0.04273127446350707
0xcbf5b0adf0f58cd1e24249d15ceb31e8624d1a94,0.042700862333538245
0x4eacfbeecceb46c30b525eb00486e0d9d215538c,0.04247185252616918
0x4f239dc9aed5cfed050d5898865137120be0bbbd,0.04245332340288914
0x1f9aa698b3781ea29878036773a0df87f5325d98,0.04237213620867701
0x4da2e85d64bece663ccab06e89b970b6b077f22f,0.04195320789517879
0x1a01ea6f99123f161554ae7d489976fb95d0309b,0.04190992155670666
0x9c29f1b4bdabeb3f18819763c7ba791558fb5d40,0.041898911753258127
0x96d747350d3d3f26a06e1e2f523f74ce910f4a55,0.04189107029237177
0xce9ba9017c1a77b00b02ec3118b74d3a45a263aa,0.041723047108477955
0x8242d744f0d94f3a3e11258d727ec093e2b4589a,0.041523547823012534
0x1b2c2ff7a6140241440941fc3d5a29f1a0b53f2d,0.041506391450511736
0x89ceeb1a385f3d3b4c377260147ca7387558c33c,0.04130609030387771
0xbd9cdcb6688b057080b1767261c5dc17a5804e82,0.041221287360851996
0xa71e01d2140be779fb3412ddd72c6ceeeb300610,0.04111054961249125
0x351fabac75529688169b7e763954317db7c9f5ba,0.04103082886470614
0x20d84ee2ecfbd23554760d2970156e5203cd7b8b,0.04026839093792967
0x148426fdc4c8a51b96b4bed827907b5fa6491ad0,0.04004672685392953
0x14c90b59f95b9405113dfedbae88fdd20c29ee36,0.040012243452178166
0x5d3951d5a598eb3f1489eaa701c0c1b072e90f58,0.03979016902044615
0x3ae03835f5f600a29f4dfac490a439151809fd40,0.039691589872032695
0x0174bed89609e1de43df66dd480dc2e97cef2cf2,0.03965601810164929
0x8510e03762a1b4ea8c6118048f50af0a28f88d12,0.03949005148663147
0x85a48e017c2f09037046656f2dbb063c3c1d3ce2,0.03939950676055564
0x3cfc8040b9a5d771b0d718322ceef14978d9172d,0.03924122309354596
0xac9ba72fb61aa7c31a95df0a8b6eba6f41ef875e,0.03918424405687828
0x9792e20ebef1c51f9cd6331af8875eb49c78ef0b,0.03908007663431509
0xeae9132891b3e8da72ad8971f83744cd345e5ba0,0.039033437071135546
0xdfb672378f7901a4cdbd6f76b0014ef3f8ecd7af,0.0389777723861295
0x9d4abb5b3ac9cdfc2ff272be68f3aea3aa56ab02,0.03874986746656112
0xe37a0f84ab1187822808b2282732a84ec2c85f45,0.03866857486041118
0xf57460fe38e0fed9b84df73bbae06a5427c633ad,0.038495835919498
0x70e439584ef1ba300106b9c16543eaa1de676dc2,0.03817100969285601
0x1e4156224fa1298f33de72fe1554526f7c37f3ec,0.038119495252857474
0x6e07663b21bd087a53739bc2109ac8360ebb0270,0.03798474989481269
0xd1bd53fbc7d020d29921e61d587fa2c948d55dc6,0.03779039105576832
0x15fda64fcdbca27a60aa8c6ca882aa3e1de4ea41,0.03778280503869419
0x866cd0283408283d159a36b6bc6ec2d7e0143dec,0.03772375599695398
0x98723710a60bf3d2e32c281d8209935e8925e0d7,0.03733240855304666
0xbd580d6d5ab92eabe180d553a7a849d5ee87afdf,0.03730337082414989
0x268a1b7ecc1fe1fab1ee32a7e61e3b7810bad4a5,0.03699923141318954
0x909ae1fc12c1c64f7554dc27a1c7785efaba79b7,0.03696170857367605
0x8433540c7e4d086e84a6e1cf4f99d8eea0e1ec09,0.036923383915050956
0xfb5db78660929c73bf66881586fae2fcf9e99dc0,0.036916644203140905
0x4426023bbeac104ea9f6f816c979f4e39c174957,0.03686972528776308
0x9ad768b81e0f897c6d98becf7a817d8a3961af7c,0.03685543632520625
0x6cfbc9788d28ff46a9d455e5cc52399f83c54ed9,0.036771134361911
0x037233180981756cab77ae0ba784619cba7b3f87,0.03668566001651417
0xaacb53d9ada6825be17020a445c6e9c21a22fe34,0.036491893050577075
0x45c84e29eaf1f15a89bea1e8146a53d68d409cc2,0.03644676790941221
0xf138ca27b14ba2a63c4b2e1cd8d3d6325cd18da2,0.03633348926232632
0xa9d43d5b22e5eb975df03f54a90e4d630f448f4b,0.036276673823876976
0x2bfbef59271da520d0617671fbfd11f8c553f01a,0.03598050833534514
0x57c80ddae73d9c5662f86db5ca6301f0bc723f5b,0.035956961510121045
0x5f2220b69a5b84e39db5be936c8f90b61dea6ac7,0.035890821151853686
0xca4a4e011bdeb6e5cbc229b882ee20ad3231096a,0.03566623868167876
0xb169119b03fbc282afabb89f3fc898d824eba9af,0.03523999097768264
0xfb9284715e9b0d08153caa34c35bfaed76edc31f,0.03501950752768472
0xf5d26d8bde798b381828c5a3b214abc60860b9da,0.03494703323987644
0x6a983e653d6d7c81fbd29dd7cc638b6f36242d08,0.03492878651272608
0x3abf8a57b611be2f8269e3f642543555c6179766,0.03485825352321869
0x084bcc0b33814ffb6cd82a5fb362cd0166a3405c,0.03480468830956968
0xd372d109ba3f475a75ef27a0ad00044f33d09a4e,0.034756396357610804
0x0d3bb9ec68234bbcb9fb1ea3311d0f5232c4dfda,0.03473049398923085
0x5c1acab704098a41a5543bc3a8505e7c72b800f7,0.0347050321042413
0xbb8cbfb58953458db4f3fb2aceaf8f1873253d79,0.03445141875104765
0xd0554b8dc33b4be4bee98718a7b5f8009a67a6b7,0.034298909515966376
0x322d58b9e75a6918f7e7849aee0ff09369977e08,0.03422599667220419
0xd328aad3252df1b11ef6bda598b5998eb28f3e32,0.03413432692942589
0x25854e5f4d06524ee8cbd368c034d1dfd02aac3d,0.033616514277551995
0x1edbc986101495e0cceabe83bb2131a730cf9914,0.0335108450379191
0x2228ed2017ff626fc41eea1401fffbcecc1e4f53,0.03343778909256105
0x2fe69b7c3e46a61af9f2528e437780913771bd9d,0.0333955829949246
0x650858987c1c9dede58db385c50649668e817887,0.03327927577386045
0xb09cd60ad551ce7ff6bc97458b483a8d50489ee7,0.033215188295731245
0x93df7b92e4591a6c9806547d327911e601e84ff1,0.033197273717349936
0x726bdc1c6692fece418d449f4ffc36b81e0b4852,0.033189097389354175
0x1997169fc82abdc3f54e14e1e2cd75cba24db73c,0.033110084476649926
0x6c1e53eb055d1e4b5ab1ecb0e44d1f513ca53082,0.03307940999089767
0xf02bce94a6e11b7a8fc5c38e5868321ccdf753fb,0.03303166100202275
0xecc27be33712910363671c7c2e481d8fc7a1d078,0.03302549633953449
0x75fb12c3514fe8d12e27717b01e979bc0e2fb492,0.03286503076248129
0xfc62310864feb3188179e67f68d00ae253519164,0.03280909589455698
0x38f2cdd0ea4b38dbed40a36530313a5d89638858,0.032736523811930436
0x9cfadcd826c12d18313dc36b316d651f0cbcac9f,0.032654298545333076
0xa84aa8d0f9e3bf701cebf421b584becfc714881c,0.03261800157638532
0x2b53f9cb996a3c0b76b4e53104ed975aad720c70,0.03253189372542158
0xf8e562f4f30c5dda0978857067d6585265da3437,0.03252813942505332
0xc2ab6bddc2e8bc20776580d357823abf0095f4d1,0.03241303338753823
0x2bcfc0e9cca9c5993e5460d0ad0d52df45d4df75,0.03239729001076705
0xbbabee715c939351a1b2d32c1069bf90a730e2dc,0.03229277909133737
0x84411e36f57516f3b359d9afbcada418f07bbccc,0.032098349138045046
0x574207639e524ef42998f1d9fc649a0d1a7cf9d8,0.032054417608694936
0x9904024967becc735b95bb117ff1d5ef103af07c,0.031989725784961266
0x7ba7f7ba93ed40d18b7783419081b6101e47ff0f,0.0319705246559335
0x6be8f8c73fff5b3ecd4b179cf029774f519abeaf,0.03187121674289947
0x355d22caaf4c153e72f50a875bb9e79a2aebe398,0.03175994132994984
0x839395e20bbb182fa440d08f850e6c7a8f6f0780,0.03169526148025816
0x9b3611abceb1550b7ff2ebd46cf6ae4319130014,0.03165246867822346
0x9b8c21879cfc139e29d449959befff5b60c65f48,0.03157449653826149
0xbace5a7e2fc96055d463166a9f6ad781c0f35be8,0.031462972241503545
0x82fa07dad4faf514d4c0fc6dbafde8882cb27a32,0.0314622923618223
0xb9ed3a2b35396e960af7a812d330726678795d29,0.031394452516609966
0x49cf64a508c7e255aa846cbafd3a5cd7327ecf7e,0.03113985198232367
0x3ef353d5678e4df55187f86d25efb99be28a1ad3,0.031112315741230922
0x547f0a7816ccaf3b2dccb1c4401799b440adec06,0.03095709221774066
0xc967776a3395c9ab6f1f7515b26a5a6f2d25128c,0.030895222416569747
0xeddc40555769e0a4d6e00ff55b9d37cd6ed8c3ce,0.03074972011715267
0x6d71c5886d08d9a1c6c89038148055297f6440e0,0.03057228369112861
0x97a9de54d8d77ea3f515c6e53773c08bf90fa2f2,0.0305307945673547
0xf6a15689e5eafc0f0380202cbc54fe2cafd89a5f,0.030493663726662647
0x83e81d747529f0eb6145b149c438ab7f9bbd651c,0.030397181187691576
0x39170b2e81923d226334e446ad1ce80341f94a5b,0.030374887519178093
0x85591bfabb18be044fa98d72f7093469c588483c,0.03036158990881889
0x3f5bdd002ab722d5eadefd7580c214dd7f5b5b6f,0.030336585089123687
0xf1b8f1c199ab66930b20751d6bf43ec40e2c68d4,0.03031550230251254
0x30813be2f6b834c26a32622dec46d4806fd91e68,0.03021868155368622
0x112d083ebe9ffbde9e0cebe5f4c3964f8e8533d7,0.03015082657272672
0xaaa4ab4966e54d856bf2fb33a850285b30ed45e3,0.03011215074890583
0xbf33fe4439ef241111c47d022d0222071d4bfe21,0.029983355023630958
0xb4a42b84cce16a6b0bf3d574c4c93848c26633be,0.029930691265385636
0x7f22f77a78e2f92fb4f6ed85df8eaa980e845ede,0.02951178600848926
0x8644daa288acb539a07d3dceb6d58f7a2af60c3d,0.029421837831413545
0xd52df51c08087e089689b9381ac67596887d1608,0.029114924208678963
0xe7d0ae1823582e5e6c3a0f9bb0526d380b16edf4,0.02911105609936568
0xffb3bd8b5365758350008118961254c5ecd1f80a,0.029017467957654787
0xa218bd89e40f9da125cec8ffd7ad79a18578597d,0.028931134135507915
0xdf6a620baa44fd80bdbec3751fe0d5bdd6555d90,0.028812777021622354
0xbbec95fce30d33d1972d412108a053030e31b654,0.02880678204252335
0x272c603e0d852ee013d83669b67b164773cc8d0e,0.02873922887928225
0xe258cfda93e8bd42b95fd91f09f73f44c18b9a44,0.028709472199704256
0xde1d3f6b9fe90a9b64064ce5fd7343bff0bb939b,0.02860708082671252
0xe73562a0b77485274ca8c145aaf5927073532725,0.028287457789286704
0x63967b662d097be2ffe0eab61d55ee4b32a69fa4,0.028273487785609494
0xedda67c057cc712d79356fd1ce31639abfb6c3b5,0.028263298647938813
0x2beb2ebc0a78c40c66e7cfd013f9616679671c46,0.0282016993440321
0x23a39b3024cb784c02edb20bddeffa9a7bb6a5ef,0.028121291416916792
0xc424e90ace50df63efe178ed5f28cf3759cf51ea,0.028066435096474794
0x168abe87b7e96e825dfbb0b3860837d295840e67,0.028044630999719444
0x68d3530a2b3e96f63eec7e9d3d5f209af7e29e2e,0.02760010041143548
0x937a00b56f3fe79909306d72292b965a00fe3406,0.027569654128890193
0x3cd5ef3ccea68738e8ebb68dcbfd861742976ed7,0.027495843560462408
0x45ce9d7bdadb704c68242118e2b8586e491e5c51,0.02742241543749437
0xa79f75d42d8ee2c41a136bd2895e7179a15098cf,0.027367521520996675
0x0d4cc9e8b797af790cb2df316288a1b962c50785,0.02730687744626576
0x19ca95b64d52ccf91408b63b042182223c8c2f1c,0.027220318232174405
0xac692be7a338eb59c5d5c3c49722a2d875512252,0.027200922293036944
0x1f69dd3d567b22e88d74213f4ba7086a09f506b8,0.02718259336949918
0xeee61d4100c2a8fe0c3b3e9e9dd6b8afd2f2d40d,0.027133319759683368
0xded5543ccd56e134857496168a49252cf06f286e,0.02710420581605566
0xf7ff5608ec71adc7741a3ba907af7637e3419ca0,0.02709498020974123
0xfefdbe05d6816ba00d187611d2cbeb526f5a94f5,0.02706493862373099
0x5fade194f53e40a4088a8d8f28cccf45795467ab,0.027030196988197936
0xe6c58978d013b757eb315bd6fd776bee2ee2b63c,0.02694059291958503
0x7dbfae71bb4e5d4fd86263a11f9c972d0b7c0eab,0.026937897627488144
0x439b388faa6e3aee0989dedca8df054f29f01553,0.026799033296236445
0x86b6b58b85b68630435b381e61144341ec361337,0.02665639459514485
0x98b007ec836a5443e006e6cf075d92b01fb4e578,0.026600844225115924
0x290591d8211c67a8c9e5e20ab835cc5469704a38,0.026479418051517857
0x2d25dedc2a061741e07843451754fe363107b0f3,0.02644885948362016
0xb2a837676c502571ae27573f4ee9be084d533a17,0.026372704335811147
0x4a931b758fd4deb809e60076574a0197bf65c744,0.02635655550523284
0x1c27590d3cfc7115eb8b35b1ab26d6cbc98a3906,0.026346960985913177
0xe6e1a2f96f5a5add6db8f194ba19b5983a0a10c9,0.02627800879903001
0xed4885fda7703602c661f072d837e46a4d6361c5,0.026261849851877253
0xb6084528f9b737189f74f41f5ad900bd52616f51,0.02625188926072612
0x289795e6177d2170ba43ced4032a585d0677c6b5,0.026223550802812825
0x975dbc56c088f058a87b710e1bc4bbd34e93fdd0,0.02619922729470481
0xd2f088bdb976eeee9bfc0297603068ff9baedba7,0.02616718173469122
0x2a1049062c6cfd69bd38fbaf3b0559df1dbbc92c,0.026032294821061182
0x1e5197fa1a3cb4d70b56f0ad762e09c36506b8cd,0.025925199935308296
0xb2f2ac403deeaa7109c49e8fe2ca07c7a73c5ccb,0.02590920434378045
0x02ce3b6c086e88616783163fb095578c86fbd4a9,0.02571772835054564
0xbd8756f58ed396567ca204132d1fed15470173b3,0.0257061931727124
0xd6a22dc6bf1f8a200e1788d298b1e33a358ba9e7,0.025618587742041985
0x1f4c435dad404206f9e835911fbf262db83e2bab,0.025582683130567243
0xe8daf72958a50f02cb683096bd00d3f1981bf6de,0.025293441354551773
0xa1d3c765e9a9655e8838bc4a9b16d5e6af024321,0.02527385797390715
0xd215a3c32826703d82eaa906238cb5b80d09b2b8,0.025134675540409754
0x3783f95b6cc030b1ccb735bdbabe38b4dcf1cf9a,0.024987167145100124
0x051c66ca372810ae7ce437a296b5a1ce335cd981,0.024956949188471255
0xe22c9c1192cb7f26bcce0c8c7be80b3529d3dd4e,0.024944621794113983
0x40d6641bbbd6cec5f46995d3290940d3b3f71934,0.024883369271293497
0x27022406aeef6ed606c6e45282b7729b23644984,0.024812785310651987
0xed0cb2d1aece301a630b66443cf317472815775d,0.024634574053286694
0xb616086f87478c5dc1c7ac1fa904ba934ea50e8f,0.024634526043175776
0x7b47cdd24695e6021776d6142147cca77a6339dc,0.024550201096533667
0xa9911182421b6bad13d188914d602f7924de840e,0.024535045294811014
0x80b716753ca862ef3bcb7426a35778c72095eefb,0.024466898151684353
0xdb02cba5e412bf681f3d258ed89a5577470444c7,0.024403392387870496
0xbb1e599e15f2bf248732ef060cadffeb6363cc4c,0.024359673845447346
0xb1998487b4cd187b4c4d1ad81a957ccbc10a0f85,0.02428378958001773
0xfe81695a06c34be83fabc87840ec5244db2fc44c,0.024223810332203156
0xb22e537e10e798fff2376f24c7a39e7c68702349,0.024173361559849563
0x250de24b28482a63a402ff3c8ebbf83dc7583e70,0.024159321284087047
0xa5cd3bc3f3d34b3a716111643e19db88bfa649c7,0.02409476692560318
0xea684b99872bd23a5ed067ee64d006496799c1cc,0.024063103528246466
0x19a2761d290d02be49b8d24ac9b3876ac9e6fe0b,0.024041761450800513
0x4753141445054f3f4dcda3ae7477758c0078377b,0.02403853817644837
0x8aa4e298aaea6c8e5ccca0804e9cd517aa7ba28a,0.023986017617681953
0x96107e5b992475d3862e7faa5450d4dbf36e82dc,0.023960603162228006
0xf0bc145aa339a072a4c62ea209f488dc6491b11c,0.023941239467182233
0x0b75905e197dbd3c029c2463964a15b310528338,0.023875037144993668
0x1048a82ebb42299b45c496beb47868a987207601,0.02386389823580325
0x178ca4511cb15bedf58eed96cdea2bead2f414e6,0.02385688124467764
0xd08cabe704034c50ecfddb73db12d6bc6a453f05,0.0238276595695233
0x5481bbb908b34e4632c528e731004c5cbc145ba0,0.023825431137857685
0x5b8c29115efc3a70b154960740ce7a6956f3a45a,0.023794379235309717
0x0a7ac95efc6992fde8acb05e97d746cc39be632e,0.02373442363302256
0xb779e70f34c5fcf56d3b3864e095e1add3b55b36,0.023654803060746788
0xe4829468c6b3c22c2908bc1c247929a8513fee7a,0.02363932441984663
0xf2ba322c432be32ed6e63302670d22901bdb57e2,0.023574161124481057
0x7c76f4db70b7e2177de10de3e2f668dadcd11108,0.023502208287340346
0xdbf156853b040431a3e5d6d0802800b29e6ebf99,0.023290075775606954
0x42607c17dcc62a6fdc3c25d8394f6acbace60779,0.0232735366314989
0x99e39611e125ad59214ab8bc62c2e79ef39d1ae0,0.023204336280899077
0xb7cffe2ac19b9d5705a24cbe14fef5663af905a6,0.02311545242187385
0x7b159def87e9cc9707b04c6ac729e4a6cbe025fd,0.02308495828446393
0xfff7830f9ddb9d48d9e213354c92604ef7e1298b,0.02302227600811713
0xffaccef20064fceae070107e8e4821a7fa981bb5,0.02299801348483233
0xc558d9cb4aeb612b78860ace183f7b9fb4506728,0.02295196486710444
0x815721a8b174a18aec0c434706c289b08230f3ea,0.022914475903376988
0x6f9bb7e454f5b3eb2310343f0e99269dc2bb8a1d,0.022884818391715637
0xbc927cf46a2c9de51fe3f950508ac655fe2256d5,0.02288007670141364
0x094646895a32af6226297280cb58b5401e9f7a04,0.022854348826085474
0x56a50408ee05a83c238ff55f6641718ecdc303c4,0.022739424799668208
0x581f3c56e8c3c6e8d91654d55f507c18f46e7bc1,0.022737789624039342
0xd986005d25bfdb3fd216e58f5b9a09677832e6cd,0.02272459886269883
0xf7098d1fde0cdf43abbcc4f01e16aa11ab69029b,0.022713934463275232
0x7d7092cbbed161b252018a9aced9b5adc556a71f,0.02270792636858125
0xdede431dab9a59a99d6c6e7f998ebccc3cbaefd7,0.022648647175336937
0xc6b2a944960414a959418db6d2fd110e64d28c63,0.022561186305553756
0x3921452ee82a4b775cdb486d7567e365fbfb7134,0.022519402664688718
0x8d133233657deb63c39c71363b00ecaf5346eb9e,0.022492234128821866
0x41f2c7d530bb3ba3d9ef993c1892d95fb5deea95,0.02242010622143455
0x02ef744c9160384ce566b3e41c48fb9b35daf162,0.022364514208301035
0xdb97d5512c94cd5df9a8d11b6029a37995e5cc2c,0.022314013389958486
0x5695f95810edc148efc51fa6881ccaeb125800bb,0.02227906184274764
0xe797eee09df4ca802746b2d5a2b0d62799b07ed9,0.022249283704668575
0x55184e32d193ff62bc2dac05ddd8494e3388790b,0.022211397379582807
0xb97d56feebcd2d8ef7c17d2123164fa3bddd97e7,0.02220924343366424
0xef492b2d863b4e68330b4ed0b39708d3846b3420,0.02211007003535557
0x59e3adae9267f874b175df394abc5fcd0fcf8175,0.02210953781080799
0x986a303e7c685440cb3d9f8041e619a18dc5461e,0.021967997851165877
0xf668599da1ea73c6f19960b5e9c99475c4da1434,0.021920981389898217
0x5b47ddfdb148eeac07e96c863cfde09d34d3839a,0.02185008561846389
0xeba9d7523c1842907587c92dedccbeff49c9ad77,0.021844398695967056
0x726ca0ca1b4f59e3de69a8d69d97262a10af525a,0.021796647778648287
0xdcc25317980744fb683c5027a1f740e1904d0422,0.021729100917943733
0xd3e3ece7aa0e799fc9bd48319db9a8b71eabddf6,0.021728837559029632
0xba0c6929eae0d9eead25eef642b5bbab61941c56,0.021703675393810677
0x0759d524faa4a6f27423496c8eed65daf27bfa96,0.021703457883737485
0x0636ec63b678f244ad2762fdfec0a0370677424b,0.021691599226605324
0x82b4db1565c888274fb9d76636816d5a3f651b8b,0.02168807390412726
0x578386906c50d7cb78fee1e4fa817e92872106cc,0.02168807390412726
0x6dbcbb17edc34b854c0cd556361449be30468f80,0.021688073903403923
0xa57c2dae4b582bca80111a4a25585be0c3bc2365,0.021688073903403347
0x1a76ef3fc04af5012e608f0570e8666428cf6469,0.021687406285137892
0x4347e44d5ddf158d692ff86ea7df813ad799a990,0.02168590509678664
0x7ed97db2acf8f3021f58795d8c6a0e68b541053e,0.021685211078437638
0x9c3bcb805cd36c8e060d1100dff10325ff4fcdb4,0.02168466829799056
0xc55b3b8545eefdeab26409c0a61abba23b6220fc,0.02165823023290174
0x53bba5c7872bfc4935cb4eee63c1ba9bfc68212a,0.021646354005945313
0x14ffae1d2804eaf261586a6378218eb5e7235066,0.021623951007885417
0xd99c4d61f385327ec94beb52244166003287c1ad,0.021617730445597522
0xfafae2220433cddba9f0425ccc64a812ab0725f6,0.021612509834199104
0x037082bc68d30b46dc72828a3f3a83c035e59a41,0.021568354133617632
0xcc98bdc61f62f09167670399110074d2eca72bdc,0.021564125345740957
0x9e21d7f1d1878be7e4e5f0c8750b09b09414be44,0.021520620969759083
0x82338b1b27cfc0c27d79c3738b748f951ab1a7a0,0.02149357907962723
0x07b6c918ab36928aed3a841b33ca674d5f600f40,0.02147532247784774
0x103b3fb420616ee354be16761ff9600e2e718533,0.021472824990766866
0x7d8e71187eb70959d23327999d005bfafb506c0b,0.021468977391281913
0x765c2327c343e89e41f42d09afc9ab21482b6865,0.02146549124397147
0xd1929ff028686a33cc436b2a82d71446bbeea1a1,0.02144617733584291
0x7f7dc314fc75658d474dbbfe598ebb058ca6aacd,0.02143444676877363
0x50481e120c49588779bb110bb5a0d468661ca5a4,0.021415795326741913
0xc18cd2371e8d0fb2156eef797026cb8c9dbbd09b,0.021298624806929956
0x28e0508767efa237e4b8930892be7f28c1ad037e,0.021289796568788075
0xbd5b732a7cc8cd3846b3b965acdee17532407e2f,0.02128061919363715
0x18393570148df516f664ef624d6ed9e808f109fb,0.02127433830476623
0x6013fed440e1aaf1a5ecf28c8564ba84ff175764,0.02117861344635941
0xcfa69328a74c0eac388b889c21eb3ddd9d41a025,0.02112570593390287
0x1ccd8ff59612d4108d9bbe5f16add545efc6fdbe,0.0210582310664513
0xbfe6b0d4218f5594dc84bbe89abc4f48ea3f7a1e,0.021055521243934543
0x124e1fafcadc2c017a17b4bbbbfff3867b7dee35,0.021051163200927012
0xd2eeff73117c86c14f11a6052620848f8dd6e0c8,0.021034236329391977
0xd3d4ce329824372655ba5303d609a73e56693164,0.02097067005674267
0xacf7e9d803483b21d14bf82776b4add89bba70d7,0.020965600802118886
0xa079039a61b234e25a1cf63bd61ce186e8382488,0.02089938157732175
0x00efe838a629339d98f565956e055b64724840ad,0.020719331459476124
0xfaff9a8e78ba6ceaee89269b6d7a00e97d097ed0,0.02069839498890884
0x107e0c0e0633283a6638e29a9442e3a40679f7e7,0.020613334698887924
0x18b4500ebfe39ae1e13a03915c2ab0d62a1430a2,0.02052559645849536
0x2e13c8f1e1d66919d04f12e49fbc4a3c03d286d2,0.02050381728345981
0xda4e42749cb44afa7222643ca0a3218d8df5ddb6,0.020433784691727422
0x7091de9a5435dba7f051045d64c5ef56bd96064e,0.020313002480415787
0xa07008b4d07afcbcb28154960c9578d60fd6fa1a,0.020271983904950584
0x95ad647b9e6174294573aa4b8a2681ec20d44594,0.020167756085792517
0xd6b67750bb8181a327bebe28a1b5b2b440b6cff3,0.020162634526351187
0x1c2c8a55ff634cf7841890dfc8ca7707e9b93d26,0.02012269994766288
0xa606bffcd5be130dcd6153b7c09fd5a00cd463aa,0.02007430601796844
0x7e5ce10826ee167de897d262fcc9976f609ecd2b,0.02005276834362889
0xcf5c590f3456a9e76633090772eced2d520d9230,0.019990424986923813
0x00fe460a15b49d09f39b057d0f1a7b9444f4f2be,0.019832020947990848
0xe6689c43a225b16070c45acb936f235a260ecaf3,0.019810559957117675
0xef114d9316274acff9c9ea00871af274b8994234,0.019805441397272444
0x46885091faf1a59fbf97f1937f40284f068664da,0.01978582323273104
0xa9e63a570ce0acc938316742a903e4d5c43c81c8,0.01976660782297051
0xf73dc742b6ca210a153ea556ca79b6a7ebbeaaeb,0.019680948268637147
0x36e6037f4b9ff316c9fd8b72310aa5881623d0ec,0.01966956315720728
0x4d7fa87369413789c6dba3110a4288d97117aeb5,0.019593791567599574
0x728460b46b21127fdf90cb6b2ca5f90ddff9998c,0.019553609500074728
0x570ce6badac1c25b2d007e808a4d1b92eccddda9,0.019531948286238776
0x29a9c76ad091c015c12081a1b201c3ea56884579,0.019519266562853937
0x66593e31d1e5ad264b2c3bf59622eeb9b03a0418,0.01948382825090828
0x87bcfff7fe91a62a8378f69c1ff089df9b2243a2,0.01945910908986893
0x227033541b0b3b75ff258a47f5f8368fad866497,0.019373255738965908
0xd5b66f84146670c2375a0cc22613f0df9fcde74d,0.01935921179532356
0x55feb1e97735d9c64f4764fec77e5b8ffac55ad6,0.01931646666448866
0x0951ff0835302929d6c0162b3d2495a85e38ec3a,0.019311669162736866
0x2f41ed247b918d27300131f07676d33493b74363,0.01928360160311597
0x17cb8e52c2ac32aad94b72758ebf8e84f0d94f8c,0.01899551173814085
0xaf5d6846a4b7c2cdfabebf001382bc9cba4dd266,0.018939085203882267
0xb35a10524a01149ae440dd4eb0813940bf653081,0.018924332685422367
0xd56b98fe204c467ae2acdd585f19601a9456790e,0.018760133690582704
0xfe1fa114b6899bd8c20e0d08401cada067523421,0.0186326789070805
0xe070e13c4af740a93109715b0c7c2ba7c30c4ef2,0.018600744206016595
0xf2759738327e7e1a1bcf628e1c42777e70d3b79a,0.01852835147143085
0xa5b0c665e95545604f0a1dd0e3ecd857a9c2d2c9,0.018484267473376104
0x5aebfd56f832500be78accda488564683faff485,0.018444807300986972
0xb7cf056ad4a4e9a72893d40e259858667c9e21e7,0.01840986305855562
0xdeec9fd8aa3cfd9de0a470ca353bf03ba3006d2b,0.018359210245818217
0x58a2f87490292bed41297fbdb50bbf716e80b016,0.018349500019200445
0xad18b370f7359bcb2ae510fd06e13dc749cbe19c,0.01829467481837988
0x28cd10f93aad20615e6416328a4dd48946e56750,0.018116966149408175
0x9f5b79201cc2e0b562d5acb1c269f40a6118abe8,0.018002550829369232
0x716c59f6fb15c8bdb35cb87340c165461e8f39aa,0.017984858599200945
0xf4c88ad0100975aa722bd6bd75fb7f971473cfee,0.017864702006684444
0x360b121a6f4de986bbcb0139775f6a25105130a9,0.017853434713893487
0xec0b8a38d1f217984a5a22f4d1938d474902f984,0.01782248904773513
0x7a9cf8d9c6d2e7c465b5f28550488f5500e086fe,0.017783026795375474
0xa463a045a3124396271c944c826a532afc348cb0,0.017749359105923037
0x1c3d883c9226d354df1c9bebcae51d06e140a27e,0.017748542325495185
0x38885d2397cae1083c52da70e91dfbf9d1963ca3,0.01772757787681376
0x47930c76790c865217472f2ddb4d14c640ee450a,0.017702037862816156
0xd10aa17bc2731e43a39c14eb63d6c4063f950885,0.0175746630424304
0xa8560117ccbe413074c420f3fa83f842b65e0999,0.017570465712414517
0xe34d7485fa5e12f8bfaae87713b6082eb85e679f,0.01752262838785888
0x958448c3f1b49ab97c0a0dc72423fdb958a4e722,0.017512462903701842
0x0ff324d42acdcf93ed7187cb9705b4609b074bb4,0.0174327653025863
0x4f3a36c91c392781536348c03dfb8f6e265c277d,0.017432705228561073
0xd609621e9e11459ab4dd3a650d16bb2583649c2b,0.017409287763554906
0xd35dc42c3812ace3d313f8303114b731d428a0fa,0.017365060429416573
0xa75365c0fc4bc8a907aca56c57361a8f97c6373e,0.017352098947647505
0x47419c4bd7cfdc402a612ddc08d25f0c7d6ed447,0.017333513309836363
0x590c88342e577d77733c939e470add2e30dba491,0.017330198819035164
0xfd67d1f84c38e5b607a413c70e820834a0d9a217,0.01732304782464775
0xb100747560a78d6628e36e9b93cf7f318e85c312,0.017276105143332568
0xd8cc3c23c9feb635ba1b18fd449188dda3b086c0,0.01727399494991663
0x00b1812ff2c3f4e844048dba13c3a28749cd98f4,0.017255727328594494
0x3793c91f2f00f4659271859c1ef898f2bd131a5a,0.01704950202331245
0xd8fd20d0590d9ea49067ab288f0f8600eea2bb24,0.017039649655080754
0x1e3a7fbf0bea5d6d66132361a4dbeeaaad5b1689,0.016976081505956093
0x102b391a154d526a24999dcfc0f6c82daef2320b,0.01691592269118448
0x9f7dd5ea934d188a599567ee104e97fa46cb4496,0.016913351919232825
0x3bab5d8f03355cdc16fdfa04aec7a898e244ccce,0.016884664030148912
0xd5a57e97c9532768a05f29f8c7c70bd990e01471,0.016875052529678365
0x49b61b0b725be7ee97361318ea6711f5ccf55ed3,0.016858598141247943
0x06faf1d63a900d62679f22af2ae8ef6c78eec9fd,0.01685138029263095
0x94d12d7b33a8a745c35a1dac6c5c4a5d60a0259a,0.016825216874108307
0x9df659ecd8cf577b1a61ecf2caa364bd9277481d,0.016751441293113574
0xffe11dd3d666da59802f61670b0664519c20f94c,0.01667817765175631
0xabdb1f94bff885bd8933ac4f8aaacda4326491de,0.016660531976479737
0x8f31ff0047b1c89b30272c9f0e43db122b33fd8d,0.01648273241874281
0x931a8586aed467d8583c76524a6d1d1eadb9124f,0.016460799995685543
0x54232d4fff02af44d0a5ff43e96cdc8d154a1659,0.016420174952507638
0x21590d54a67b43a216b070f878638a78dc2044db,0.0163319322810891
0x365595ab460cb664c77d4e038c9051f09d781065,0.016275020547003444
0x52c72f8333bca27b9e489e729da979047e0dab6d,0.016252217983082046
0x17c9c3e835293220a401723811832e3e32fd391b,0.016230884709410195
0x27970d7f5e4241fa3e79eefcfcd302c60b8ff0d5,0.01614394917962512
0x61990ebee5faa2b7814a0ffac869bbeae748457f,0.016077971428508066
0x0cee14c983cd9f6ad289cfb37a2ef0bc7e670974,0.01607523947493051
0x74c4623d7609f3eb2665ad32ff96b44856b6051b,0.016053434877401688
0xba454c396f7a14c2c531ea919e419ab15c288c0e,0.016009131040206168
0x464ac975da2341964918c541ead2a51effad407f,0.01595731032936035
0x810ca7262ec8b843006711d529149e43e3e2c410,0.01595396321242771
0x9fd4369fca86a0a7244363bc2d3dd9e08f439ae9,0.015927069852876563
0xdd00270d347ea0fc0fdd82e9385fbef0682c24f8,0.015877679053010223
0x119ac0356b561a2558861d042c10970f057fe529,0.015872002233419526
0x1048e693b121a6386f024f2e97ea17e28537b99a,0.01584940281881708
0x79e9c0c0f07294e88dce8f2a31576dc78d1a8d41,0.01584803301312311
0x1d7c8084d7307c661c414085b30f5d74056ce6dd,0.015839894960956453
0x8f9ea522c7b8026f3308f6aeaf4a4e458206b600,0.015793641278581114
0x42dd6252b9be3dad03220e8f730c300564d741a8,0.015780522297372694
0x1735ea456a273e53adf4b61604f5e894b1cec980,0.01575367517547148
0x58068f118c90723da45388b43b5cd0503a001be8,0.01563290666210173
0xcb2e279b6846f8263b1559504d1773acf835e0bb,0.015602748050449304
0x7af22e2a139772b964dbcd5c549c00e5b2c04f67,0.015560741804340222
0x734e4c7dbc53aad51a993828c8b9009aee87196b,0.015538138253963107
0x686d0b9d00ce38533f6fb009cab058757f37a904,0.015534003508389238
0x2121d752b56227fe28ba8109abeaadd3df07e90b,0.015481670015693668
0xed0e528f8f122625f160e9f7a5234b767eeda4ce,0.015474127222912448
0x194365fcd494c46c013acd7ef81494759c00123a,0.015400087486738072
0xe6f4142dffa574d1d9f18770bf73814df07931f3,0.015391722561271933
0x70377925e4eb724262aaa5a1042f89a46b9d2753,0.015355199627446841
0x56d3d8fdcb421670bc67b65aeaf0368420493033,0.015351972136729833
0x419e80e2ada4bb8d8be7777865593c8628b44d44,0.015261136390570312
0x2025a9196d6fa1011080845c6877f6460cdb302b,0.015247069969567628
0x84ece745851c477d15cfda32c71f2bebdbfb6218,0.015218924076780636
0xd212f73a389966da5f493a302518639ee8296dc8,0.015207544419521286
0xec1f0292ba23cf2b697b48a4fc886b54cfbea5f4,0.015199705819858737
0x0cbf84a124f7264e86724b83b77a9a606eadd6bd,0.01519707524858939
0x29356c9701d9116a864764acdc899532bced9f13,0.01519470615497118
0xd25586480e0419024aa3b4aff214bc8bf061fc87,0.01517223890774397
0x8776ef5c074c8ebca05d61a9c27ad548bf0ba547,0.015168246890220661
0x639cec09a3ad0dedc2951adb00c43a43160273c3,0.015157744656084335
0x20a74d333e949e889d7e4cb07c48260dc8dcb74b,0.015135629789984404
0xa6e8e242a6bbdb87765edb408530348b4f51030b,0.015100241472517694
0x68803ac6443605374b029836c356964550596dc4,0.01508458024170831
0x924d0812ccfa3811ec185f54803cc2a87e59608d,0.015062481074064025
0xa8dda311f6cd42a470474535c12926f54e4660e7,0.01486170722081705
0x103de93bf9468164c48a46fdaa1a5a74899cdabe,0.014823381065285914
0xa576e704a1c1d8d7e2fdfdd251b15a3265397121,0.014761288097083646
0x9b6a90997514d05ae15b06262d9d60240c67b7ad,0.014747136870189515
0x9e7de6f979a72908a0be23429433813d8bc94a83,0.014724559487122124
0x8c5fc43ad00cc53e11f61bece329ddc5e3ea0929,0.01454289659409339
0x050d4a19c3e3d17e1252861694cead0045e78e01,0.014458716101569704
0x4b01629a1baf82d8ab62726776b1332539e51cec,0.014457603521850163
0xa169fde834ed9517e9529e5307908d889ad1a685,0.01445707212122707
0x8fe023f1f4077e6cf1867c929a74718f876fbd70,0.014437347696491165
0x4e42b034586de6d3c09d4cd1b521746c5420aadc,0.014430629626280991
0xe454bd61976cba5ea4752a64bb6cf3f8ee2df7f0,0.014417322210937125
0xc15792b8578fc26c10de7f88191ecff579151866,0.014416747869470158
0x66d4bacfe61df23be813089a7a6d1a749a5c936a,0.014338803610391034
0x31a48fa51f4a1563c0f9b78212efb9185b91ed6f,0.014298953538139762
0xd09051f120a79abe6c706285810cb8c199e1ce65,0.01422049114383483
0x1d151ea535c2b9f21a88459c03afdc5e627cecea,0.01419592611450548
0x75683ba5d79e01cacb21aef347e5d8a5ef86c06e,0.014161795096266678
0xc721921b29618680c19f4a4d1458f82689c126ce,0.014130777483142799
0x7a75da34c346f244e54fa2f71b25560efb1f9b20,0.014085927687961563
0xea19f610e984e80b4c40d46a7b5a9ba2f9eb341a,0.014071463617484964
0x8a982ac699aa380f0fe1924f4cac260f596a3774,0.01398290311086141
0x2ad9ea1e677949a536a270cec812d6e868c88108,0.013894695798744524
0xcd35bd62fd15e732b5c8f4a5c878e968547aeaf2,0.013838321241082207
0x66d4aa4d07210444b05164965ac6275b37af1589,0.01377115098759575
0x3151dcb1895e9ec026704d68ff492769b6a48a58,0.01365296718195719
0x3e4364137ab4298dfdd19c00e333561a3bfca53d,0.013626966974963321
0xd38d3b64504480945f482c03670352ca35679630,0.013587890088634548
0x901442e4deec484e9b2efdb2ba20fcb19880d9a3,0.013549313748858599
0xfdbbfb0fe2986672af97eca0e797d76a0bbf35c9,0.013515436329961456
0x9d59e3a984642799001a8f0d7fd6b69b1f5888ab,0.01351332453292945
0x637bd7612b9e272afcb7b62404615d8c6764bf35,0.01350529970813873
0xb7b7590b145bfb6229f2556ebece43515866969e,0.013456257292790524
0x0cbfe9fe913e2dd534a02b34a96ecfeb1ee11ae5,0.013412420183086722
0x3e78e08cda3fcf35beb73633afa758421f284ca8,0.013404833357192841
0xac09148957c66287c986cf8fa4ea80b53d59e5af,0.013265452902468718
0xeafff1987d9fca3d540cfe07bd22a9cb58733fc7,0.013254573064968186
0x741e65cee534965addc3b765c6ed8d5683fd81ec,0.013215363589643335
0xef422dbbf46120de627ffb913c9afad44c735618,0.013171910515060292
0xd015fb4e0c7f2d0592fa642189a70ce46c90d612,0.01316256766844954
0x1d3af9f6018c518bcf6641658eb8374501b93709,0.013147415274135106
0xa9eb0e4da3e799a162d3e8459c8f386ef841ceba,0.013135976914974309
0xf21908388875f9e6ff6efcde7962400897401090,0.013126987093766692
0x57abba3830751b3f5023710c5fb6c64405270366,0.013025802187371038
0x906b7192d8659994eb902feb994fd68d64f04fc6,0.013017729044296327
0x967b073201215cabbbc0f1c1f2b258683b495cb4,0.013014740159359247
0x14f72993ce927c271066484839b2ccf00b457609,0.01301284454163654
0x431b93bcd1e171ad95aa5c114fb71016922a5e1e,0.0130125266812327
0xa43ce8cc89eff3aa5593c742fc56a30ef2427cb0,0.013000169016621134
0x52e0b17cc061d1ff9bbf986ef2408a660a2d30ab,0.012993433176339044
0x7c125de18f31ed228d7a292e76f5a775de833ca9,0.012991413198630453
0x13025800a6eddea918eae73b408eac60824f8ec8,0.012985103353563348
0x98a529e3488c2d44566881feab335b17b1c3b430,0.012964915669134798
0x5864ac44ee401e43695d9af40ec9e99221dcce64,0.01291249452198371
0x9a31ec2df5d42aa0537ff845b01512112d94a7a4,0.012907812027763768
0xa7dbaa3a2222ce39de499d65b1060f3b25bb8fe8,0.012862292954598026
0x9bcc7d277d6a356465666a1f31c1769401b22ec8,0.012846519540825371
0xf3061977e324ac93e7621f397dffc7bc78489fd4,0.01279796376224925
0x01489713a676911d5f8937e8cf822c2207990534,0.012765117699677638
0x5d79fc3e6a91e249c1193d8326a912f949568646,0.012763391030320615
0x2ee0b86ae26a615ab18958a65553f5d6498cfe98,0.012756011855314544
0x0fee9101e40787e64107c3dc585937c9f3ddb3a6,0.012755207424022438
0xae9f7b2f323041d402bac4a9a11f15fedd065d0e,0.012736131048553966
0x152b8c153e4f18bfe1cb3f2eaa563813c758e279,0.012728648553249273
0x10534d4e612071e6b6480c498dd8bdb8f51b9ed7,0.012677709258425316
0x2b5e682c00a0f873fb6cc34e6125e95090d56b40,0.012627388589220545
